FISHID,SeineID,SITEID,Year,Month,Heatwave
BL0001,3000,SITE17,2009,8,Before
BL0002,3000,SITE17,2009,8,Before
BL0003,3000,SITE17,2009,8,Before
BL0004,3000,SITE17,2009,8,Before
BL0005,3000,SITE17,2009,8,Before
BL0006,3000,SITE17,2009,8,Before
BL0007,3000,SITE17,2009,8,Before
BL0008,3000,SITE17,2009,8,Before
BL0009,3000,SITE17,2009,8,Before
BL0010,3000,SITE17,2009,8,Before
BL0011,3000,SITE17,2009,8,Before
BL0012,287,SITE14,2009,8,Before
BL0013,287,SITE14,2009,8,Before
BL0014,287,SITE14,2009,8,Before
BL0015,287,SITE14,2009,8,Before
BL0016,287,SITE14,2009,8,Before
BL0017,287,SITE14,2009,8,Before
BL0018,287,SITE14,2009,8,Before
BL0019,287,SITE14,2009,8,Before
BL0020,287,SITE14,2009,8,Before
BL0021,287,SITE14,2009,8,Before
BL0022,287,SITE14,2009,8,Before
BL0023,287,SITE14,2009,8,Before
BL0024,287,SITE14,2009,8,Before
BL0025,287,SITE14,2009,8,Before
BL0026,287,SITE14,2009,8,Before
BL0027,287,SITE14,2009,8,Before
BL0028,287,SITE14,2009,8,Before
BL0029,287,SITE14,2009,8,Before
BL0030,287,SITE14,2009,8,Before
BL0031,287,SITE14,2009,8,Before
BL0032,287,SITE14,2009,8,Before
BL0033,287,SITE14,2009,8,Before
BL0034,287,SITE14,2009,8,Before
BL0035,287,SITE14,2009,8,Before
BL0036,287,SITE14,2009,8,Before
BL0037,287,SITE14,2009,8,Before
BL0038,287,SITE14,2009,8,Before
BL0039,287,SITE14,2009,8,Before
BL0040,287,SITE14,2009,8,Before
BL0041,287,SITE14,2009,8,Before
BL0042,3001,SITE17,2009,9,Before
BL0043,3001,SITE17,2009,9,Before
BL0044,3001,SITE17,2009,9,Before
BL0045,3001,SITE17,2009,9,Before
BL0046,3001,SITE17,2009,9,Before
BL0047,3001,SITE17,2009,9,Before
BL0048,3001,SITE17,2009,9,Before
BL0049,3002,SITE17,2009,8,Before
BL0050,3002,SITE17,2009,8,Before
BL0051,3002,SITE17,2009,8,Before
BL0052,3002,SITE17,2009,8,Before
BL0053,3002,SITE17,2009,8,Before
BL0054,255,SITE15,2009,7,Before
BL0055,255,SITE15,2009,7,Before
BL0056,255,SITE15,2009,7,Before
BL0057,255,SITE15,2009,7,Before
BL0058,255,SITE15,2009,7,Before
BL0059,255,SITE15,2009,7,Before
BL0060,255,SITE15,2009,7,Before
BL0061,255,SITE15,2009,7,Before
BL0062,256,SITE15,2009,7,Before
BL0063,255,SITE15,2009,7,Before
BL0064,255,SITE15,2009,7,Before
BL0065,255,SITE15,2009,7,Before
BL0066,255,SITE15,2009,7,Before
BL0067,255,SITE15,2009,7,Before
BL0068,255,SITE15,2009,7,Before
BL0069,255,SITE15,2009,7,Before
BL0070,255,SITE15,2009,7,Before
BL0071,255,SITE15,2009,7,Before
BL0072,255,SITE15,2009,7,Before
BL0073,255,SITE15,2009,7,Before
BL0074,255,SITE15,2009,7,Before
BL0075,255,SITE15,2009,7,Before
BL0076,255,SITE15,2009,7,Before
BL0077,256,SITE15,2009,7,Before
BL0078,255,SITE15,2009,7,Before
BL0079,294,SITE14,2009,8,Before
BL0080,294,SITE14,2009,8,Before
BL0081,294,SITE14,2009,8,Before
BL0082,294,SITE14,2009,8,Before
BL0083,294,SITE14,2009,8,Before
BL0084,294,SITE14,2009,8,Before
BL0085,294,SITE14,2009,8,Before
BL0086,294,SITE14,2009,8,Before
BL0087,294,SITE14,2009,8,Before
BL0088,294,SITE14,2009,8,Before
BL0089,294,SITE14,2009,8,Before
BL0090,294,SITE14,2009,8,Before
BL0091,294,SITE14,2009,8,Before
BL0092,294,SITE14,2009,8,Before
BL0093,294,SITE14,2009,8,Before
BL0094,294,SITE14,2009,8,Before
BL0095,294,SITE14,2009,8,Before
BL0096,294,SITE14,2009,8,Before
BL0097,294,SITE14,2009,8,Before
BL0098,294,SITE14,2009,8,Before
BL0099,294,SITE14,2009,8,Before
BL0100,294,SITE14,2009,8,Before
BL0101,294,SITE14,2009,8,Before
BL0102,294,SITE14,2009,8,Before
BL0103,294,SITE14,2009,8,Before
BL0104,294,SITE14,2009,8,Before
BL0105,294,SITE14,2009,8,Before
BL0106,294,SITE14,2009,8,Before
BL0107,294,SITE14,2009,8,Before
BL0108,294,SITE14,2009,8,Before
BL0109,294,SITE14,2009,8,Before
BL0110,294,SITE14,2009,8,Before
BL0111,294,SITE14,2009,8,Before
BL0112,294,SITE14,2009,8,Before
BL0113,294,SITE14,2009,8,Before
BL0114,294,SITE14,2009,8,Before
BL0115,294,SITE14,2009,8,Before
BL0116,294,SITE14,2009,8,Before
BL0117,294,SITE14,2009,8,Before
BL0118,294,SITE14,2009,8,Before
BL0119,294,SITE14,2009,8,Before
BL0120,294,SITE14,2009,8,Before
BL0121,294,SITE14,2009,8,Before
BL0122,294,SITE14,2009,8,Before
BL0123,294,SITE14,2009,8,Before
BL0124,294,SITE14,2009,8,Before
BL0125,294,SITE14,2009,8,Before
BL0126,269,SITE1,2009,8,Before
BL0127,269,SITE1,2009,8,Before
BL0128,269,SITE1,2009,8,Before
BL0129,273,SITE8,2009,8,Before
BL0130,273,SITE8,2009,8,Before
BL0131,273,SITE8,2009,8,Before
BL0132,273,SITE8,2009,8,Before
BL0133,273,SITE8,2009,8,Before
BL0134,273,SITE8,2009,8,Before
BL0135,273,SITE8,2009,8,Before
BL0136,273,SITE8,2009,8,Before
BL0137,273,SITE8,2009,8,Before
BL0138,273,SITE8,2009,8,Before
BL0139,273,SITE8,2009,8,Before
BL0140,273,SITE8,2009,8,Before
BL0141,273,SITE8,2009,8,Before
BL0142,273,SITE8,2009,8,Before
BL0143,273,SITE8,2009,8,Before
BL0144,273,SITE8,2009,8,Before
BL0145,273,SITE8,2009,8,Before
BL0146,273,SITE8,2009,8,Before
BL0147,273,SITE8,2009,8,Before
BL0148,3003,SITE19,2009,9,Before
BL0149,3003,SITE19,2009,9,Before
BL0150,3003,SITE19,2009,9,Before
BL0151,3003,SITE19,2009,9,Before
BL0152,3003,SITE19,2009,9,Before
BL0153,3003,SITE19,2009,9,Before
BL0154,3003,SITE19,2009,9,Before
BL0155,3003,SITE19,2009,9,Before
BL0156,3003,SITE19,2009,9,Before
BL0157,3003,SITE19,2009,9,Before
BL0158,3003,SITE19,2009,9,Before
BL0159,3003,SITE19,2009,9,Before
BL0160,3003,SITE19,2009,9,Before
BL0161,3003,SITE19,2009,9,Before
BL0162,3003,SITE19,2009,9,Before
BL0163,3003,SITE19,2009,9,Before
BL0164,3003,SITE19,2009,9,Before
BL0165,3003,SITE19,2009,9,Before
BL0166,3003,SITE19,2009,9,Before
BL0167,3003,SITE19,2009,9,Before
BL0168,3003,SITE19,2009,9,Before
BL0169,3003,SITE19,2009,9,Before
BL0170,3003,SITE19,2009,9,Before
BL0171,3003,SITE19,2009,9,Before
BL0172,3003,SITE19,2009,9,Before
BL0173,3003,SITE19,2009,9,Before
BL0174,3003,SITE19,2009,9,Before
BL0175,3003,SITE19,2009,9,Before
BL0176,3003,SITE19,2009,9,Before
BL0177,3003,SITE19,2009,9,Before
BL0178,3003,SITE19,2009,9,Before
BL0179,3003,SITE19,2009,9,Before
BL0180,3003,SITE19,2009,9,Before
BL0181,3003,SITE19,2009,9,Before
BL0182,3003,SITE19,2009,9,Before
BL0183,3003,SITE19,2009,9,Before
BL0184,3003,SITE19,2009,9,Before
BL0185,3003,SITE19,2009,9,Before
BL0186,3003,SITE19,2009,9,Before
BL0187,3003,SITE19,2009,9,Before
BL0188,275,SITE1,2009,8,Before
BL0189,275,SITE1,2009,8,Before
BL0190,275,SITE1,2009,8,Before
BL0191,275,SITE1,2009,8,Before
BL0192,275,SITE1,2009,8,Before
BL0193,275,SITE1,2009,8,Before
BL0194,275,SITE1,2009,8,Before
BL0195,275,SITE1,2009,8,Before
BL0196,275,SITE1,2009,8,Before
BL0197,275,SITE1,2009,8,Before
BL0198,275,SITE1,2009,8,Before
BL0199,275,SITE1,2009,8,Before
BL0200,275,SITE1,2009,8,Before
BL0201,275,SITE1,2009,8,Before
BL0202,275,SITE1,2009,8,Before
BL0203,275,SITE1,2009,8,Before
BL0204,3004,SITE18,2009,8,Before
BL0205,3005,SITE17,2009,8,Before
BL0206,3005,SITE17,2009,8,Before
BL0207,3005,SITE17,2009,8,Before
BL0208,3006,SITE18,2009,7,Before
BL0209,3006,SITE18,2009,7,Before
BL0210,3006,SITE18,2009,7,Before
BL0211,3006,SITE18,2009,7,Before
BL0212,3006,SITE18,2009,7,Before
BL0213,3006,SITE18,2009,7,Before
BL0214,3006,SITE18,2009,7,Before
BL0215,3006,SITE18,2009,7,Before
BL0216,3006,SITE18,2009,7,Before
BL0217,3006,SITE18,2009,7,Before
BL0218,3007,SITE17,2009,7,Before
BL0219,3007,SITE17,2009,7,Before
BL0220,3007,SITE17,2009,7,Before
BL0221,3007,SITE17,2009,7,Before
BL0222,3007,SITE17,2009,7,Before
BL0223,3008,SITE18,2009,7,Before
BL0224,3008,SITE18,2009,7,Before
BL0225,3008,SITE18,2009,7,Before
BL0226,3008,SITE18,2009,7,Before
BL0227,3008,SITE18,2009,7,Before
BL0228,3008,SITE18,2009,7,Before
BL0229,3008,SITE18,2009,7,Before
BL0230,3008,SITE18,2009,7,Before
BL0231,3008,SITE18,2009,7,Before
BL0232,3008,SITE18,2009,7,Before
BL0233,3008,SITE18,2009,7,Before
BL0234,3008,SITE18,2009,7,Before
BL0235,3008,SITE18,2009,7,Before
BL0236,246,SITE3,2009,7,Before
BL0237,246,SITE3,2009,7,Before
BL0238,246,SITE3,2009,7,Before
BL0239,246,SITE3,2009,7,Before
BL0240,246,SITE3,2009,7,Before
BL0241,246,SITE3,2009,7,Before
BL0242,246,SITE3,2009,7,Before
BL0243,245,SITE1,2009,7,Before
BL0244,245,SITE1,2009,7,Before
BL0245,245,SITE1,2009,7,Before
BL0246,245,SITE1,2009,7,Before
BL0247,245,SITE1,2009,7,Before
BL0248,245,SITE1,2009,7,Before
BL0249,245,SITE1,2009,7,Before
BL0250,245,SITE1,2009,7,Before
BL0251,65,SITE10,2006,8,Before
BL0252,65,SITE10,2006,8,Before
BL0253,65,SITE10,2006,8,Before
BL0254,65,SITE10,2006,8,Before
BL0255,65,SITE10,2006,8,Before
BL0256,65,SITE10,2006,8,Before
BL0257,65,SITE10,2006,8,Before
BL0258,65,SITE10,2006,8,Before
BL0259,65,SITE10,2006,8,Before
BL0260,65,SITE10,2006,8,Before
BL0261,65,SITE10,2006,8,Before
BL0262,65,SITE10,2006,8,Before
BL0263,65,SITE10,2006,8,Before
BL0264,65,SITE10,2006,8,Before
BL0265,65,SITE10,2006,8,Before
BL0266,82,SITE15,2006,8,Before
BL0267,82,SITE15,2006,8,Before
BL0268,82,SITE15,2006,8,Before
BL0269,82,SITE15,2006,8,Before
BL0270,82,SITE15,2006,8,Before
BL0271,82,SITE15,2006,8,Before
BL0272,82,SITE15,2006,8,Before
BL0273,82,SITE15,2006,8,Before
BL0274,82,SITE15,2006,8,Before
BL0275,82,SITE15,2006,8,Before
BL0276,82,SITE15,2006,8,Before
BL0277,82,SITE15,2006,8,Before
BL0278,82,SITE15,2006,8,Before
BL0279,82,SITE15,2006,8,Before
BL0280,82,SITE15,2006,8,Before
BL0281,82,SITE15,2006,8,Before
BL0282,82,SITE15,2006,8,Before
BL0283,82,SITE15,2006,8,Before
BL0284,82,SITE15,2006,8,Before
BL0285,82,SITE15,2006,8,Before
BL0286,82,SITE15,2006,8,Before
BL0287,82,SITE15,2006,8,Before
BL0288,82,SITE15,2006,8,Before
BL0289,82,SITE15,2006,8,Before
BL0290,82,SITE15,2006,8,Before
BL0291,67,SITE9,2006,8,Before
BL0292,67,SITE9,2006,8,Before
BL0293,67,SITE9,2006,8,Before
BL0294,67,SITE9,2006,8,Before
BL0295,67,SITE9,2006,8,Before
BL0296,67,SITE9,2006,8,Before
BL0297,67,SITE9,2006,8,Before
BL0298,67,SITE9,2006,8,Before
BL0299,67,SITE9,2006,8,Before
BL0300,67,SITE9,2006,8,Before
BL0301,67,SITE9,2006,8,Before
BL0302,67,SITE9,2006,8,Before
BL0303,65,SITE10,2006,8,Before
BL0304,65,SITE10,2006,8,Before
BL0305,65,SITE10,2006,8,Before
BL0306,65,SITE10,2006,8,Before
BL0307,65,SITE10,2006,8,Before
BL0308,65,SITE10,2006,8,Before
BL0309,65,SITE10,2006,8,Before
BL0310,65,SITE10,2006,8,Before
BL0311,65,SITE10,2006,8,Before
BL0312,65,SITE10,2006,8,Before
BL0313,65,SITE10,2006,8,Before
BL0314,65,SITE10,2006,8,Before
BL0315,65,SITE10,2006,8,Before
BL0316,79,SITE13,2006,8,Before
BL0317,79,SITE13,2006,8,Before
BL0318,79,SITE13,2006,8,Before
BL0319,79,SITE13,2006,8,Before
BL0320,79,SITE13,2006,8,Before
BL0321,79,SITE13,2006,8,Before
BL0322,79,SITE13,2006,8,Before
BL0323,79,SITE13,2006,8,Before
BL0324,79,SITE13,2006,8,Before
BL0325,79,SITE13,2006,8,Before
BL0326,79,SITE13,2006,8,Before
BL0327,79,SITE13,2006,8,Before
BL0328,79,SITE13,2006,8,Before
BL0329,79,SITE13,2006,8,Before
BL0330,79,SITE13,2006,8,Before
BL0331,79,SITE13,2006,8,Before
BL0332,79,SITE13,2006,8,Before
BL0333,79,SITE13,2006,8,Before
BL0334,79,SITE13,2006,8,Before
BL0335,79,SITE13,2006,8,Before
BL0336,79,SITE13,2006,8,Before
BL0337,79,SITE13,2006,8,Before
BL0338,79,SITE13,2006,8,Before
BL0339,79,SITE13,2006,8,Before
BL0340,79,SITE13,2006,8,Before
BL0341,79,SITE13,2006,8,Before
BL0342,79,SITE13,2006,8,Before
BL0343,79,SITE13,2006,8,Before
BL0344,79,SITE13,2006,8,Before
BL0345,79,SITE13,2006,8,Before
BL0346,79,SITE13,2006,8,Before
BL0347,79,SITE13,2006,8,Before
BL0348,79,SITE13,2006,8,Before
BL0349,79,SITE13,2006,8,Before
BL0350,79,SITE13,2006,8,Before
BL0351,79,SITE13,2006,8,Before
BL0352,79,SITE13,2006,8,Before
BL0353,79,SITE13,2006,8,Before
BL0354,79,SITE13,2006,8,Before
BL0355,79,SITE13,2006,8,Before
BL0356,79,SITE13,2006,8,Before
BL0357,79,SITE13,2006,8,Before
BL0358,79,SITE13,2006,8,Before
BL0359,79,SITE13,2006,8,Before
BL0360,79,SITE13,2006,8,Before
BL0361,79,SITE13,2006,8,Before
BL0362,79,SITE13,2006,8,Before
BL0363,79,SITE13,2006,8,Before
BL0364,65,SITE10,2006,8,Before
BL0365,65,SITE10,2006,8,Before
BL0366,65,SITE10,2006,8,Before
BL0367,65,SITE10,2006,8,Before
BL0368,65,SITE10,2006,8,Before
BL0369,65,SITE10,2006,8,Before
BL0370,65,SITE10,2006,8,Before
BL0371,65,SITE10,2006,8,Before
BL0372,65,SITE10,2006,8,Before
BL0373,65,SITE10,2006,8,Before
BL0374,65,SITE10,2006,8,Before
BL0375,65,SITE10,2006,8,Before
BL0376,65,SITE10,2006,8,Before
BL0377,65,SITE10,2006,8,Before
BL0378,65,SITE10,2006,8,Before
BL0379,65,SITE10,2006,8,Before
BL0380,65,SITE10,2006,8,Before
BL0381,65,SITE10,2006,8,Before
BL0382,65,SITE10,2006,8,Before
BL0383,65,SITE10,2006,8,Before
BL0384,65,SITE10,2006,8,Before
BL0385,65,SITE10,2006,8,Before
BL0386,65,SITE10,2006,8,Before
BL0387,65,SITE10,2006,8,Before
BL0388,65,SITE10,2006,8,Before
BL0389,65,SITE10,2006,8,Before
BL0390,65,SITE10,2006,8,Before
BL0391,65,SITE10,2006,8,Before
BL0392,65,SITE10,2006,8,Before
BL0393,65,SITE10,2006,8,Before
BL0394,65,SITE10,2006,8,Before
BL0395,65,SITE10,2006,8,Before
BL0396,65,SITE10,2006,8,Before
BL0397,65,SITE10,2006,8,Before
BL0398,65,SITE10,2006,8,Before
BL0399,65,SITE10,2006,8,Before
BL0400,65,SITE10,2006,8,Before
BL0401,65,SITE10,2006,8,Before
BL0402,65,SITE10,2006,8,Before
BL0403,65,SITE10,2006,8,Before
BL0404,65,SITE10,2006,8,Before
BL0405,65,SITE10,2006,8,Before
BL0406,65,SITE10,2006,8,Before
BL0407,65,SITE10,2006,8,Before
BL0408,65,SITE10,2006,8,Before
BL0409,65,SITE10,2006,8,Before
BL0410,65,SITE10,2006,8,Before
BL0411,65,SITE10,2006,8,Before
BL0412,65,SITE10,2006,8,Before
BL0413,65,SITE10,2006,8,Before
BL0414,65,SITE10,2006,8,Before
BL0415,65,SITE10,2006,8,Before
BL0416,65,SITE10,2006,8,Before
BL0417,65,SITE10,2006,8,Before
BL0418,65,SITE10,2006,8,Before
BL0419,65,SITE10,2006,8,Before
BL0420,65,SITE10,2006,8,Before
BL0421,65,SITE10,2006,8,Before
BL0422,65,SITE10,2006,8,Before
BL0423,65,SITE10,2006,8,Before
BL0424,65,SITE10,2006,8,Before
BL0425,65,SITE10,2006,8,Before
BL0426,65,SITE10,2006,8,Before
BL0427,65,SITE10,2006,8,Before
BL0428,65,SITE10,2006,8,Before
BL0429,65,SITE10,2006,8,Before
BL0430,65,SITE10,2006,8,Before
BL0431,49,SITE1,2006,8,Before
BL0432,49,SITE1,2006,8,Before
BL0433,49,SITE1,2006,8,Before
BL0434,49,SITE1,2006,8,Before
BL0435,49,SITE1,2006,8,Before
BL0436,49,SITE1,2006,8,Before
BL0437,49,SITE1,2006,8,Before
BL0438,49,SITE1,2006,8,Before
BL0439,49,SITE1,2006,8,Before
BL0440,49,SITE1,2006,8,Before
BL0441,49,SITE1,2006,8,Before
BL0442,49,SITE1,2006,8,Before
BL0443,49,SITE1,2006,8,Before
BL0444,49,SITE1,2006,8,Before
BL0445,49,SITE1,2006,8,Before
BL0446,60,SITE4,2006,8,Before
BL0447,60,SITE4,2006,8,Before
BL0448,60,SITE4,2006,8,Before
BL0449,60,SITE4,2006,8,Before
BL0450,60,SITE4,2006,8,Before
BL0451,60,SITE4,2006,8,Before
BL0452,60,SITE4,2006,8,Before
BL0453,60,SITE4,2006,8,Before
BL0454,60,SITE4,2006,8,Before
BL0455,60,SITE4,2006,8,Before
BL0456,60,SITE4,2006,8,Before
BL0457,60,SITE4,2006,8,Before
BL0458,60,SITE4,2006,8,Before
BL0459,60,SITE4,2006,8,Before
BL0460,60,SITE4,2006,8,Before
BL0461,60,SITE4,2006,8,Before
BL0462,60,SITE4,2006,8,Before
BL0463,60,SITE4,2006,8,Before
BL0464,60,SITE4,2006,8,Before
BL0465,60,SITE4,2006,8,Before
BL0466,60,SITE4,2006,8,Before
BL0467,60,SITE4,2006,8,Before
BL0468,60,SITE4,2006,8,Before
BL0469,60,SITE4,2006,8,Before
BL0470,60,SITE4,2006,8,Before
BL0471,60,SITE4,2006,8,Before
BL0472,60,SITE4,2006,8,Before
BL0473,60,SITE4,2006,8,Before
BL0474,60,SITE4,2006,8,Before
BL0475,60,SITE4,2006,8,Before
BL0476,55,SITE6,2006,8,Before
BL0477,55,SITE6,2006,8,Before
BL0478,55,SITE6,2006,8,Before
BL0479,55,SITE6,2006,8,Before
BL0480,55,SITE6,2006,8,Before
BL0481,55,SITE6,2006,8,Before
BL0482,55,SITE6,2006,8,Before
BL0483,55,SITE6,2006,8,Before
BL0484,55,SITE6,2006,8,Before
BL0485,55,SITE6,2006,8,Before
BL0486,55,SITE6,2006,8,Before
BL0487,55,SITE6,2006,8,Before
BL0488,55,SITE6,2006,8,Before
BL0489,55,SITE6,2006,8,Before
BL0490,55,SITE6,2006,8,Before
BL0491,52,SITE4,2006,8,Before
BL0492,52,SITE4,2006,8,Before
BL0493,52,SITE4,2006,8,Before
BL0494,52,SITE4,2006,8,Before
BL0495,52,SITE4,2006,8,Before
BL0496,52,SITE4,2006,8,Before
BL0497,52,SITE4,2006,8,Before
BL0498,52,SITE4,2006,8,Before
BL0499,52,SITE4,2006,8,Before
BL0500,52,SITE4,2006,8,Before
BL0501,52,SITE4,2006,8,Before
BL0502,52,SITE4,2006,8,Before
BL0503,52,SITE4,2006,8,Before
BL0504,52,SITE4,2006,8,Before
BL0505,52,SITE4,2006,8,Before
BL0506,55,SITE6,2006,8,Before
BL0507,55,SITE6,2006,8,Before
BL0508,55,SITE6,2006,8,Before
BL0509,55,SITE6,2006,8,Before
BL0510,55,SITE6,2006,8,Before
BL0511,55,SITE6,2006,8,Before
BL0512,55,SITE6,2006,8,Before
BL0513,55,SITE6,2006,8,Before
BL0514,55,SITE6,2006,8,Before
BL0515,55,SITE6,2006,8,Before
BL0516,55,SITE6,2006,8,Before
BL0517,55,SITE6,2006,8,Before
BL0518,55,SITE6,2006,8,Before
BL0519,55,SITE6,2006,8,Before
BL0520,55,SITE6,2006,8,Before
BL0521,39,SITE6,2006,8,Before
BL0522,39,SITE6,2006,8,Before
BL0523,39,SITE6,2006,8,Before
BL0524,39,SITE6,2006,8,Before
BL0525,39,SITE6,2006,8,Before
BL0526,39,SITE6,2006,8,Before
BL0527,39,SITE6,2006,8,Before
BL0528,39,SITE6,2006,8,Before
BL0529,39,SITE6,2006,8,Before
BL0530,39,SITE6,2006,8,Before
BL0531,39,SITE6,2006,8,Before
BL0532,39,SITE6,2006,8,Before
BL0533,39,SITE6,2006,8,Before
BL0534,39,SITE6,2006,8,Before
BL0535,39,SITE6,2006,8,Before
BL0536,220,SITE12,2008,8,Before
BL0537,220,SITE12,2008,8,Before
BL0538,220,SITE12,2008,8,Before
BL0539,220,SITE12,2008,8,Before
BL0540,220,SITE12,2008,8,Before
BL0541,220,SITE12,2008,8,Before
BL0542,220,SITE12,2008,8,Before
BL0543,220,SITE12,2008,8,Before
BL0544,220,SITE12,2008,8,Before
BL0545,220,SITE12,2008,8,Before
BL0546,220,SITE12,2008,8,Before
BL0547,220,SITE12,2008,8,Before
BL0548,220,SITE12,2008,8,Before
BL0549,220,SITE12,2008,8,Before
BL0550,207,SITE3,2008,8,Before
BL0551,207,SITE3,2008,8,Before
BL0552,207,SITE3,2008,8,Before
BL0553,207,SITE3,2008,8,Before
BL0554,207,SITE3,2008,8,Before
BL0555,207,SITE3,2008,8,Before
BL0556,207,SITE3,2008,8,Before
BL0557,207,SITE3,2008,8,Before
BL0558,207,SITE3,2008,8,Before
BL0559,207,SITE3,2008,8,Before
BL0560,207,SITE3,2008,8,Before
BL0561,207,SITE3,2008,8,Before
BL0562,207,SITE3,2008,8,Before
BL0563,207,SITE3,2008,8,Before
BL0564,207,SITE3,2008,8,Before
BL0565,207,SITE3,2008,8,Before
BL0566,207,SITE3,2008,8,Before
BL0567,207,SITE3,2008,8,Before
BL0568,207,SITE3,2008,8,Before
BL0569,207,SITE3,2008,8,Before
BL0570,207,SITE3,2008,8,Before
BL0571,207,SITE3,2008,8,Before
BL0572,207,SITE3,2008,8,Before
BL0573,207,SITE3,2008,8,Before
BL0574,207,SITE3,2008,8,Before
BL0575,207,SITE3,2008,8,Before
BL0576,207,SITE3,2008,8,Before
BL0577,207,SITE3,2008,8,Before
BL0578,207,SITE3,2008,8,Before
BL0579,207,SITE3,2008,8,Before
BL0580,207,SITE3,2008,8,Before
BL0581,207,SITE3,2008,8,Before
BL0582,207,SITE3,2008,8,Before
BL0583,207,SITE3,2008,8,Before
BL0584,207,SITE3,2008,8,Before
BL0585,207,SITE3,2008,8,Before
BL0586,207,SITE3,2008,8,Before
BL0587,207,SITE3,2008,8,Before
BL0588,207,SITE3,2008,8,Before
BL0589,232,SITE14,2008,8,Before
BL0590,232,SITE14,2008,8,Before
BL0591,232,SITE14,2008,8,Before
BL0592,232,SITE14,2008,8,Before
BL0593,232,SITE14,2008,8,Before
BL0594,232,SITE14,2008,8,Before
BL0595,232,SITE14,2008,8,Before
BL0596,232,SITE14,2008,8,Before
BL0597,232,SITE14,2008,8,Before
BL0598,232,SITE14,2008,8,Before
BL0599,232,SITE14,2008,8,Before
BL0600,232,SITE14,2008,8,Before
BL0601,232,SITE14,2008,8,Before
BL0602,232,SITE14,2008,8,Before
BL0603,232,SITE14,2008,8,Before
BL0604,232,SITE14,2008,8,Before
BL0605,232,SITE14,2008,8,Before
BL0606,232,SITE14,2008,8,Before
BL0607,232,SITE14,2008,8,Before
BL0608,232,SITE14,2008,8,Before
BL0609,232,SITE14,2008,8,Before
BL0610,232,SITE14,2008,8,Before
BL0611,232,SITE14,2008,8,Before
BL0612,232,SITE14,2008,8,Before
BL0613,232,SITE14,2008,8,Before
BL0614,232,SITE14,2008,8,Before
BL0615,232,SITE14,2008,8,Before
BL0616,232,SITE14,2008,8,Before
BL0617,232,SITE14,2008,8,Before
BL0618,232,SITE14,2008,8,Before
BL0619,232,SITE14,2008,8,Before
BL0620,232,SITE14,2008,8,Before
BL0621,232,SITE14,2008,8,Before
BL0622,232,SITE14,2008,8,Before
BL0623,232,SITE14,2008,8,Before
BL0624,232,SITE14,2008,8,Before
BL0625,232,SITE14,2008,8,Before
BL0626,224,SITE14,2008,8,Before
BL0627,224,SITE14,2008,8,Before
BL0628,224,SITE14,2008,8,Before
BL0629,224,SITE14,2008,8,Before
BL0630,224,SITE14,2008,8,Before
BL0631,224,SITE14,2008,8,Before
BL0632,231,SITE9,2008,8,Before
BL0633,231,SITE9,2008,8,Before
BL0634,231,SITE9,2008,8,Before
BL0635,231,SITE9,2008,8,Before
BL0636,231,SITE9,2008,8,Before
BL0637,231,SITE9,2008,8,Before
BL0638,231,SITE9,2008,8,Before
BL0639,231,SITE9,2008,8,Before
BL0640,231,SITE9,2008,8,Before
BL0641,231,SITE9,2008,8,Before
BL0642,231,SITE9,2008,8,Before
BL0643,231,SITE9,2008,8,Before
BL0644,231,SITE9,2008,8,Before
BL0645,231,SITE9,2008,8,Before
BL0646,231,SITE9,2008,8,Before
BL0647,231,SITE9,2008,8,Before
BL0648,231,SITE9,2008,8,Before
BL0649,231,SITE9,2008,8,Before
BL0650,231,SITE9,2008,8,Before
BL0651,231,SITE9,2008,8,Before
BL0652,231,SITE9,2008,8,Before
BL0653,204,SITE6,2008,8,Before
BL0654,204,SITE6,2008,8,Before
BL0655,204,SITE6,2008,8,Before
BL0656,204,SITE6,2008,8,Before
BL0657,204,SITE6,2008,8,Before
BL0658,225,SITE11,2008,8,Before
BL0659,225,SITE11,2008,8,Before
BL0660,225,SITE11,2008,8,Before
BL0661,225,SITE11,2008,8,Before
BL0662,225,SITE11,2008,8,Before
BL0663,225,SITE11,2008,8,Before
BL0664,206,SITE1,2008,8,Before
BL0665,206,SITE1,2008,8,Before
BL0666,206,SITE1,2008,8,Before
BL0667,206,SITE1,2008,8,Before
BL0668,206,SITE1,2008,8,Before
BL0669,206,SITE1,2008,8,Before
BL0670,206,SITE1,2008,8,Before
BL0671,206,SITE1,2008,8,Before
BL0672,206,SITE1,2008,8,Before
BL0673,206,SITE1,2008,8,Before
BL0674,206,SITE1,2008,8,Before
BL0675,206,SITE1,2008,8,Before
BL0676,206,SITE1,2008,8,Before
BL0677,206,SITE1,2008,8,Before
BL0678,206,SITE1,2008,8,Before
BL0679,205,SITE2,2008,8,Before
BL0680,205,SITE2,2008,8,Before
BL0681,205,SITE2,2008,8,Before
BL0682,205,SITE2,2008,8,Before
BL0683,205,SITE2,2008,8,Before
BL0684,205,SITE2,2008,8,Before
BL0685,205,SITE2,2008,8,Before
BL0686,205,SITE2,2008,8,Before
BL0687,205,SITE2,2008,8,Before
BL0688,205,SITE2,2008,8,Before
BL0689,205,SITE2,2008,8,Before
BL0690,205,SITE2,2008,8,Before
BL0691,205,SITE2,2008,8,Before
BL0692,205,SITE2,2008,8,Before
BL0693,205,SITE2,2008,8,Before
BL0694,205,SITE2,2008,8,Before
BL0695,205,SITE2,2008,8,Before
BL0696,205,SITE2,2008,8,Before
BL0697,205,SITE2,2008,8,Before
BL0698,205,SITE2,2008,8,Before
BL0699,205,SITE2,2008,8,Before
BL0700,205,SITE2,2008,8,Before
BL0701,205,SITE2,2008,8,Before
BL0702,205,SITE2,2008,8,Before
BL0703,230,SITE15,2008,8,Before
BL0704,230,SITE15,2008,8,Before
BL0705,230,SITE15,2008,8,Before
BL0706,205,SITE2,2008,8,Before
BL0707,122,SITE3,2007,8,Before
BL0708,122,SITE3,2007,8,Before
BL0709,122,SITE3,2007,8,Before
BL0710,122,SITE3,2007,8,Before
BL0711,122,SITE3,2007,8,Before
BL0712,122,SITE3,2007,8,Before
BL0713,122,SITE3,2007,8,Before
BL0714,122,SITE3,2007,8,Before
BL0715,122,SITE3,2007,8,Before
BL0716,122,SITE3,2007,8,Before
BL0717,122,SITE3,2007,8,Before
BL0718,122,SITE3,2007,8,Before
BL0719,122,SITE3,2007,8,Before
BL0720,122,SITE3,2007,8,Before
BL0721,122,SITE3,2007,8,Before
BL0722,122,SITE3,2007,8,Before
BL0723,122,SITE3,2007,8,Before
BL0724,122,SITE3,2007,8,Before
BL0725,122,SITE3,2007,8,Before
BL0726,122,SITE3,2007,8,Before
BL0727,122,SITE3,2007,8,Before
BL0728,122,SITE3,2007,8,Before
BL0729,122,SITE3,2007,8,Before
BL0730,122,SITE3,2007,8,Before
BL0731,122,SITE3,2007,8,Before
BL0732,122,SITE3,2007,8,Before
BL0733,122,SITE3,2007,8,Before
BL0734,121,SITE1,2007,8,Before
BL0735,121,SITE1,2007,8,Before
BL0736,121,SITE1,2007,8,Before
BL0737,121,SITE1,2007,8,Before
BL0738,121,SITE1,2007,8,Before
BL0739,121,SITE1,2007,8,Before
BL0740,121,SITE1,2007,8,Before
BL0741,121,SITE1,2007,8,Before
BL0742,121,SITE1,2007,8,Before
BL0743,121,SITE1,2007,8,Before
BL0744,121,SITE1,2007,8,Before
BL0745,98,SITE3,2007,7,Before
BL0746,98,SITE3,2007,7,Before
BL0747,98,SITE3,2007,7,Before
BL0748,98,SITE3,2007,7,Before
BL0749,98,SITE3,2007,7,Before
BL0750,98,SITE3,2007,7,Before
BL0751,98,SITE3,2007,7,Before
BL0752,98,SITE3,2007,7,Before
BL0753,98,SITE3,2007,7,Before
BL0754,98,SITE3,2007,7,Before
BL0755,98,SITE3,2007,7,Before
BL0756,98,SITE3,2007,7,Before
BL0757,98,SITE3,2007,7,Before
BL0758,98,SITE3,2007,7,Before
BL0759,98,SITE3,2007,7,Before
BL0760,98,SITE3,2007,7,Before
BL0761,98,SITE3,2007,7,Before
BL0762,98,SITE3,2007,7,Before
BL0763,98,SITE3,2007,7,Before
BL0764,98,SITE3,2007,7,Before
BL0765,98,SITE3,2007,7,Before
BL0766,98,SITE3,2007,7,Before
BL0767,98,SITE3,2007,7,Before
BL0768,98,SITE3,2007,7,Before
BL0769,97,SITE1,2007,7,Before
BL0770,97,SITE1,2007,7,Before
BL0771,97,SITE1,2007,7,Before
BL0772,97,SITE1,2007,7,Before
BL0773,97,SITE1,2007,7,Before
BL0774,97,SITE1,2007,7,Before
BL0775,97,SITE1,2007,7,Before
BL0776,323,SITE12,2010,7,Before
BL0777,323,SITE12,2010,7,Before
BL0778,323,SITE12,2010,7,Before
BL0779,323,SITE12,2010,7,Before
BL0780,323,SITE12,2010,7,Before
BL0781,323,SITE12,2010,7,Before
BL0782,323,SITE12,2010,7,Before
BL0783,323,SITE12,2010,7,Before
BL0784,323,SITE12,2010,7,Before
BL0785,323,SITE12,2010,7,Before
BL0786,323,SITE12,2010,7,Before
BL0787,323,SITE12,2010,7,Before
BL0788,323,SITE12,2010,7,Before
BL0789,323,SITE12,2010,7,Before
BL0790,323,SITE12,2010,7,Before
BL0791,323,SITE12,2010,7,Before
BL0792,323,SITE12,2010,7,Before
BL0793,323,SITE12,2010,7,Before
BL0794,323,SITE12,2010,7,Before
BL0795,323,SITE12,2010,7,Before
BL0796,323,SITE12,2010,7,Before
BL0797,323,SITE12,2010,7,Before
BL0798,323,SITE12,2010,7,Before
BL0799,323,SITE12,2010,7,Before
BL0800,323,SITE12,2010,7,Before
BL0801,323,SITE12,2010,7,Before
BL0802,323,SITE12,2010,7,Before
BL0803,323,SITE12,2010,7,Before
BL0804,323,SITE12,2010,7,Before
BL0805,323,SITE12,2010,7,Before
BL0806,323,SITE12,2010,7,Before
BL0807,323,SITE12,2010,7,Before
BL0808,323,SITE12,2010,7,Before
BL0809,323,SITE12,2010,7,Before
BL0810,323,SITE12,2010,7,Before
BL0811,323,SITE12,2010,7,Before
BL0812,323,SITE12,2010,7,Before
BL0813,323,SITE12,2010,7,Before
BL0814,323,SITE12,2010,7,Before
BL0815,323,SITE12,2010,7,Before
BL0816,323,SITE12,2010,7,Before
BL0817,323,SITE12,2010,7,Before
BL0818,323,SITE12,2010,7,Before
BL0819,323,SITE12,2010,7,Before
BL0820,315,SITE12,2010,7,Before
BL0821,315,SITE12,2010,7,Before
BL0822,315,SITE12,2010,7,Before
BL0823,315,SITE12,2010,7,Before
BL0824,315,SITE12,2010,7,Before
BL0825,315,SITE12,2010,7,Before
BL0826,315,SITE12,2010,7,Before
BL0827,315,SITE12,2010,7,Before
BL0828,315,SITE12,2010,7,Before
BL0829,315,SITE12,2010,7,Before
BL0830,325,SITE15,2010,7,Before
BL0831,325,SITE15,2010,7,Before
BL0832,325,SITE15,2010,7,Before
BL0833,325,SITE15,2010,7,Before
BL0834,325,SITE15,2010,7,Before
BL0835,325,SITE15,2010,7,Before
BL0836,325,SITE15,2010,7,Before
BL0837,325,SITE15,2010,7,Before
BL0838,325,SITE15,2010,7,Before
BL0839,325,SITE15,2010,7,Before
BL0840,325,SITE15,2010,7,Before
BL0841,325,SITE15,2010,7,Before
BL0842,325,SITE15,2010,7,Before
BL0843,325,SITE15,2010,7,Before
BL0844,325,SITE15,2010,7,Before
BL0845,325,SITE15,2010,7,Before
BL0846,325,SITE15,2010,7,Before
BL0847,325,SITE15,2010,7,Before
BL0848,325,SITE15,2010,7,Before
BL0849,325,SITE15,2010,7,Before
BL0850,325,SITE15,2010,7,Before
BL0851,325,SITE15,2010,7,Before
BL0852,325,SITE15,2010,7,Before
BL0853,325,SITE15,2010,7,Before
BL0854,325,SITE15,2010,7,Before
BL0855,325,SITE15,2010,7,Before
BL0856,325,SITE15,2010,7,Before
BL0857,325,SITE15,2010,7,Before
BL0858,325,SITE15,2010,7,Before
BL0859,325,SITE15,2010,7,Before
BL0860,325,SITE15,2010,7,Before
BL0861,325,SITE15,2010,7,Before
BL0862,325,SITE15,2010,7,Before
BL0863,325,SITE15,2010,7,Before
BL0864,325,SITE15,2010,7,Before
BL0865,325,SITE15,2010,7,Before
BL0866,325,SITE15,2010,7,Before
BL0867,325,SITE15,2010,7,Before
BL0868,325,SITE15,2010,7,Before
BL0869,325,SITE15,2010,7,Before
BL0870,325,SITE15,2010,7,Before
BL0871,325,SITE15,2010,7,Before
BL0872,325,SITE15,2010,7,Before
BL0873,325,SITE15,2010,7,Before
BL0874,325,SITE15,2010,7,Before
BL0875,325,SITE15,2010,7,Before
BL0876,325,SITE15,2010,7,Before
BL0877,325,SITE15,2010,7,Before
BL0878,325,SITE15,2010,7,Before
BL0879,325,SITE15,2010,7,Before
BL0880,333,SITE15,2010,8,Before
BL0881,333,SITE15,2010,8,Before
BL0882,333,SITE15,2010,8,Before
BL0883,333,SITE15,2010,8,Before
BL0884,333,SITE15,2010,8,Before
BL0885,333,SITE15,2010,8,Before
BL0886,333,SITE15,2010,8,Before
BL0887,333,SITE15,2010,8,Before
BL0888,333,SITE15,2010,8,Before
BL0889,333,SITE15,2010,8,Before
BL0890,333,SITE15,2010,8,Before
BL0891,333,SITE15,2010,8,Before
BL0901,442,SITE6,2012,8,Before
BL0902,442,SITE6,2012,8,Before
BL0903,442,SITE6,2012,8,Before
BL0904,442,SITE6,2012,8,Before
BL0905,450,SITE6,2012,8,Before
BL0906,450,SITE6,2012,8,Before
BL0907,450,SITE6,2012,8,Before
BL0908,450,SITE6,2012,8,Before
BL0909,450,SITE6,2012,8,Before
BL0910,450,SITE6,2012,8,Before
BL0911,450,SITE6,2012,8,Before
BL0912,450,SITE6,2012,8,Before
BL0913,450,SITE6,2012,8,Before
BL0914,450,SITE6,2012,8,Before
BL0915,452,SITE1,2012,8,Before
BL0916,452,SITE1,2012,8,Before
BL0917,452,SITE1,2012,8,Before
BL0918,452,SITE1,2012,8,Before
BL0919,452,SITE1,2012,8,Before
BL0920,452,SITE1,2012,8,Before
BL0921,452,SITE1,2012,8,Before
BL0922,452,SITE1,2012,8,Before
BL0923,450,SITE6,2012,8,Before
BL0924,450,SITE6,2012,8,Before
BL0925,450,SITE6,2012,8,Before
BL0926,450,SITE6,2012,8,Before
BL0927,450,SITE6,2012,8,Before
BL0928,450,SITE6,2012,8,Before
BL0929,450,SITE6,2012,8,Before
BL0930,450,SITE6,2012,8,Before
BL0931,450,SITE6,2012,8,Before
BL0932,450,SITE6,2012,8,Before
BL0933,450,SITE6,2012,8,Before
BL0934,450,SITE6,2012,8,Before
BL0935,450,SITE6,2012,8,Before
BL0936,450,SITE6,2012,8,Before
BL0937,450,SITE6,2012,8,Before
BL0938,450,SITE6,2012,8,Before
BL0939,450,SITE6,2012,8,Before
BL0940,450,SITE6,2012,8,Before
BL0941,450,SITE6,2012,8,Before
BL0942,450,SITE6,2012,8,Before
BL0943,450,SITE6,2012,8,Before
BL0944,450,SITE6,2012,8,Before
BL0945,450,SITE6,2012,8,Before
BL0946,450,SITE6,2012,8,Before
BL0947,450,SITE6,2012,8,Before
BL0948,450,SITE6,2012,8,Before
BL0949,450,SITE6,2012,8,Before
BL0950,450,SITE6,2012,8,Before
BL0951,450,SITE6,2012,8,Before
BL0952,450,SITE6,2012,8,Before
BL0953,450,SITE6,2012,8,Before
BL0954,450,SITE6,2012,8,Before
BL0955,450,SITE6,2012,8,Before
BL0956,450,SITE6,2012,8,Before
BL0957,450,SITE6,2012,8,Before
BL0958,430,SITE4,2012,7,Before
BL0959,430,SITE4,2012,7,Before
BL0960,430,SITE4,2012,7,Before
BL0961,442,SITE6,2012,8,Before
BL0962,442,SITE6,2012,8,Before
BL0963,442,SITE6,2012,8,Before
BL0964,442,SITE6,2012,8,Before
BL0965,442,SITE6,2012,8,Before
BL0966,442,SITE6,2012,8,Before
BL0967,442,SITE6,2012,8,Before
BL0968,442,SITE6,2012,8,Before
BL0969,442,SITE6,2012,8,Before
BL0970,442,SITE6,2012,8,Before
BL0971,428,SITE3,2012,7,Before
BL0972,428,SITE3,2012,7,Before
BL0973,428,SITE3,2012,7,Before
BL0974,428,SITE3,2012,7,Before
BL0975,428,SITE3,2012,7,Before
BL0976,428,SITE3,2012,7,Before
BL0977,428,SITE3,2012,7,Before
BL0978,428,SITE3,2012,7,Before
BL0979,428,SITE3,2012,7,Before
BL0980,428,SITE3,2012,7,Before
BL0981,428,SITE3,2012,7,Before
BL0982,428,SITE3,2012,7,Before
BL0983,428,SITE3,2012,7,Before
BL0984,423,SITE5,2012,7,Before
BL0985,423,SITE5,2012,7,Before
BL0986,423,SITE5,2012,7,Before
BL0987,423,SITE5,2012,7,Before
BL0988,423,SITE5,2012,7,Before
BL0989,423,SITE5,2012,7,Before
BL0990,423,SITE5,2012,7,Before
BL0991,423,SITE5,2012,7,Before
BL0992,423,SITE5,2012,7,Before
BL0993,423,SITE5,2012,7,Before
BL0994,423,SITE5,2012,7,Before
BL0995,423,SITE5,2012,7,Before
BL0996,423,SITE5,2012,7,Before
BL0997,423,SITE5,2012,7,Before
BL0998,423,SITE5,2012,7,Before
BL0999,423,SITE5,2012,7,Before
BL1000,423,SITE5,2012,7,Before
BL1001,423,SITE5,2012,7,Before
BL1002,423,SITE5,2012,7,Before
BL1003,423,SITE5,2012,7,Before
BL1004,423,SITE5,2012,7,Before
BL1005,423,SITE5,2012,7,Before
BL1006,423,SITE5,2012,7,Before
BL1007,423,SITE5,2012,7,Before
BL1008,423,SITE5,2012,7,Before
BL1009,423,SITE5,2012,7,Before
BL1010,423,SITE5,2012,7,Before
BL1011,423,SITE5,2012,7,Before
BL1012,423,SITE5,2012,7,Before
BL1013,423,SITE5,2012,7,Before
BL2000,773,SITE7,2018,7,Between
BL2001,773,SITE7,2018,7,Between
BL2002,773,SITE7,2018,7,Between
BL2003,773,SITE7,2018,7,Between
BL2004,773,SITE7,2018,7,Between
BL2005,773,SITE7,2018,7,Between
BL2006,773,SITE7,2018,7,Between
BL2007,773,SITE7,2018,7,Between
BL2008,773,SITE7,2018,7,Between
BL2009,773,SITE7,2018,7,Between
BL2010,773,SITE7,2018,7,Between
BL2011,764,SITE16,2018,7,Between
BL2012,764,SITE16,2018,7,Between
BL2013,764,SITE16,2018,7,Between
BL2014,764,SITE16,2018,7,Between
BL2015,764,SITE16,2018,7,Between
BL2016,764,SITE16,2018,7,Between
BL2017,746,SITE5,2018,7,Between
BL2018,746,SITE5,2018,7,Between
BL2019,746,SITE5,2018,7,Between
BL2020,746,SITE5,2018,7,Between
BL2021,746,SITE5,2018,7,Between
BL2022,746,SITE5,2018,7,Between
BL2023,746,SITE5,2018,7,Between
BL2024,746,SITE5,2018,7,Between
BL2025,746,SITE5,2018,7,Between
BL2026,773,SITE7,2018,7,Between
BL2027,773,SITE7,2018,7,Between
BL2028,773,SITE7,2018,7,Between
BL2029,773,SITE7,2018,7,Between
BL2030,773,SITE7,2018,7,Between
BL2031,773,SITE7,2018,7,Between
BL2032,773,SITE7,2018,7,Between
BL2033,773,SITE7,2018,7,Between
BL2034,773,SITE7,2018,7,Between
BL2035,743,SITE2,2018,7,Between
BL2036,743,SITE2,2018,7,Between
BL2037,743,SITE2,2018,7,Between
BL2038,743,SITE2,2018,7,Between
BL2039,743,SITE2,2018,7,Between
BL2040,743,SITE2,2018,7,Between
BL2041,743,SITE2,2018,7,Between
BL2042,743,SITE2,2018,7,Between
BL2043,743,SITE2,2018,7,Between
BL2044,743,SITE2,2018,7,Between
BL2045,743,SITE2,2018,7,Between
BL2046,469,SITE3,2013,7,Before
BL2047,469,SITE3,2013,7,Before
BL2048,469,SITE3,2013,7,Before
BL2049,469,SITE3,2013,7,Before
BL2050,469,SITE3,2013,7,Before
BL2051,469,SITE3,2013,7,Before
BL2052,469,SITE3,2013,7,Before
BL2053,469,SITE3,2013,7,Before
BL2054,469,SITE3,2013,7,Before
BL2055,469,SITE3,2013,7,Before
BL2056,484,SITE15,2013,7,Before
BL2057,484,SITE15,2013,7,Before
BL2058,484,SITE15,2013,7,Before
BL2059,484,SITE15,2013,7,Before
BL2060,484,SITE15,2013,7,Before
BL2061,484,SITE15,2013,7,Before
BL2062,484,SITE15,2013,7,Before
BL2063,484,SITE15,2013,7,Before
BL2064,484,SITE15,2013,7,Before
BL2065,484,SITE15,2013,7,Before
BL2066,484,SITE15,2013,7,Before
BL2067,484,SITE15,2013,7,Before
BL2068,484,SITE15,2013,7,Before
BL2069,484,SITE15,2013,7,Before
BL2070,484,SITE15,2013,7,Before
BL2071,484,SITE15,2013,7,Before
BL2072,484,SITE15,2013,7,Before
BL2073,484,SITE15,2013,7,Before
BL2074,484,SITE15,2013,7,Before
BL2075,484,SITE15,2013,7,Before
BL2076,477,SITE3,2013,7,Before
BL2077,477,SITE3,2013,7,Before
BL2078,477,SITE3,2013,7,Before
BL2079,477,SITE3,2013,7,Before
BL2080,477,SITE3,2013,7,Before
BL2081,477,SITE3,2013,7,Before
BL2082,477,SITE3,2013,7,Before
BL2083,477,SITE3,2013,7,Before
BL2084,477,SITE3,2013,7,Before
BL2085,477,SITE3,2013,7,Before
BL2086,477,SITE3,2013,7,Before
BL2087,507,SITE15,2013,8,Before
BL2088,507,SITE15,2013,8,Before
BL2089,507,SITE15,2013,8,Before
BL2090,507,SITE15,2013,8,Before
BL2091,507,SITE15,2013,8,Before
BL2092,507,SITE15,2013,8,Before
BL2093,507,SITE15,2013,8,Before
BL2094,507,SITE15,2013,8,Before
BL2095,507,SITE15,2013,8,Before
BL2096,507,SITE15,2013,8,Before
BL2097,500,SITE3,2013,8,Before
BL2098,500,SITE3,2013,8,Before
BL2099,498,SITE2,2013,8,Before
BL2100,498,SITE2,2013,8,Before
BL2101,498,SITE2,2013,8,Before
BL2102,498,SITE2,2013,8,Before
BL2103,498,SITE2,2013,8,Before
BL2104,498,SITE2,2013,8,Before
BL2105,498,SITE2,2013,8,Before
BL2106,523,SITE15,2013,8,Before
BL2107,523,SITE15,2013,8,Before
BL2108,523,SITE15,2013,8,Before
BL2109,523,SITE15,2013,8,Before
BL2110,523,SITE15,2013,8,Before
BL2111,523,SITE15,2013,8,Before
BL2112,523,SITE15,2013,8,Before
BL2113,523,SITE15,2013,8,Before
BL2114,523,SITE15,2013,8,Before
BL2115,523,SITE15,2013,8,Before
BL2116,523,SITE15,2013,8,Before
BL2117,523,SITE15,2013,8,Before
BL2118,523,SITE15,2013,8,Before
BL2119,523,SITE15,2013,8,Before
BL2120,523,SITE15,2013,8,Before
BL2121,523,SITE15,2013,8,Before
BL2122,523,SITE15,2013,8,Before
BL2123,523,SITE15,2013,8,Before
BL2124,523,SITE15,2013,8,Before
BL2125,523,SITE15,2013,8,Before
BL2126,605,SITE14,2015,7,Heatwave
BL2127,605,SITE14,2015,7,Heatwave
BL2128,621,SITE5,2015,7,Heatwave
BL2129,602,SITE10,2015,7,Heatwave
BL2130,547,SITE15,2014,7,Heatwave
BL2131,547,SITE15,2014,7,Heatwave
BL2132,530,SITE2,2014,7,Heatwave
BL2133,530,SITE2,2014,7,Heatwave
BL2134,530,SITE2,2014,7,Heatwave
BL2135,530,SITE2,2014,7,Heatwave
BL2136,530,SITE2,2014,7,Heatwave
BL2137,530,SITE2,2014,7,Heatwave
BL2138,530,SITE2,2014,7,Heatwave
BL2139,530,SITE2,2014,7,Heatwave
BL2140,530,SITE2,2014,7,Heatwave
BL2141,530,SITE2,2014,7,Heatwave
BL2142,530,SITE2,2014,7,Heatwave
BL2143,530,SITE2,2014,7,Heatwave
BL2144,534,SITE4,2014,7,Heatwave
BL2145,534,SITE4,2014,7,Heatwave
BL2146,534,SITE4,2014,7,Heatwave
BL2147,534,SITE4,2014,7,Heatwave
BL2148,534,SITE4,2014,7,Heatwave
BL2149,534,SITE4,2014,7,Heatwave
BL2150,534,SITE4,2014,7,Heatwave
BL2151,534,SITE4,2014,7,Heatwave
BL2152,534,SITE4,2014,7,Heatwave
BL2153,534,SITE4,2014,7,Heatwave
BL2154,534,SITE4,2014,7,Heatwave
BL2155,532,SITE3,2014,7,Heatwave
BL2156,532,SITE3,2014,7,Heatwave
BL2157,532,SITE3,2014,7,Heatwave
BL2158,532,SITE3,2014,7,Heatwave
BL2159,532,SITE3,2014,7,Heatwave
BL2160,532,SITE3,2014,7,Heatwave
BL2161,532,SITE3,2014,7,Heatwave
BL2162,532,SITE3,2014,7,Heatwave
BL2163,532,SITE3,2014,7,Heatwave
BL2164,532,SITE3,2014,7,Heatwave
BL2165,532,SITE3,2014,7,Heatwave
BL2166,532,SITE3,2014,7,Heatwave
BL2167,532,SITE3,2014,7,Heatwave
BL2168,532,SITE3,2014,7,Heatwave
BL2169,792,SITE1,2018,8,Between
BL2170,792,SITE1,2018,8,Between
BL2171,792,SITE1,2018,8,Between
BL2172,792,SITE1,2018,8,Between
BL2173,792,SITE1,2018,8,Between
BL2174,792,SITE1,2018,8,Between
BL2175,792,SITE1,2018,8,Between
BL2176,792,SITE1,2018,8,Between
BL2177,792,SITE1,2018,8,Between
BL2178,792,SITE1,2018,8,Between
BL2179,792,SITE1,2018,8,Between
BL2180,792,SITE1,2018,8,Between
BL2181,781,SITE13,2018,8,Between
BL2182,781,SITE13,2018,8,Between
BL2183,781,SITE13,2018,8,Between
BL2184,781,SITE13,2018,8,Between
BL2185,781,SITE13,2018,8,Between
BL2186,781,SITE13,2018,8,Between
BL2187,781,SITE13,2018,8,Between
BL2188,781,SITE13,2018,8,Between
BL2189,781,SITE13,2018,8,Between
BL2190,775,SITE10,2018,8,Between
BL2191,775,SITE10,2018,8,Between
BL2192,775,SITE10,2018,8,Between
BL2193,775,SITE10,2018,8,Between
BL2194,775,SITE10,2018,8,Between
BL2195,775,SITE10,2018,8,Between
BL2196,775,SITE10,2018,8,Between
BL2197,792,SITE1,2018,8,Between
BL2198,792,SITE1,2018,8,Between
BL2199,792,SITE1,2018,8,Between
BL2200,645,SITE13,2015,8,Heatwave
BL2201,645,SITE13,2015,8,Heatwave
BL2202,645,SITE13,2015,8,Heatwave
BL2203,645,SITE13,2015,8,Heatwave
BL2204,645,SITE13,2015,8,Heatwave
BL2205,645,SITE13,2015,8,Heatwave
BL2206,645,SITE13,2015,8,Heatwave
BL2207,645,SITE13,2015,8,Heatwave
BL2208,645,SITE13,2015,8,Heatwave
BL2209,645,SITE13,2015,8,Heatwave
BL2210,781,SITE13,2018,8,Between
BL2211,781,SITE13,2018,8,Between
BL2212,781,SITE13,2018,8,Between
BL2213,781,SITE13,2018,8,Between
BL2214,781,SITE13,2018,8,Between
BL2215,641,SITE15,2015,8,Heatwave
BL2216,641,SITE15,2015,8,Heatwave
BL2217,641,SITE15,2015,8,Heatwave
BL2218,641,SITE15,2015,8,Heatwave
BL2219,645,SITE13,2015,8,Heatwave
BL2220,645,SITE13,2015,8,Heatwave
BL2221,645,SITE13,2015,8,Heatwave
BL2222,645,SITE13,2015,8,Heatwave
BL2223,645,SITE13,2015,8,Heatwave
BL2224,645,SITE13,2015,8,Heatwave
BL2225,645,SITE13,2015,8,Heatwave
BL2226,645,SITE13,2015,8,Heatwave
BL2227,645,SITE13,2015,8,Heatwave
BL2228,645,SITE13,2015,8,Heatwave
BL2229,565,SITE5,2014,8,Heatwave
BL2230,565,SITE5,2014,8,Heatwave
BL2231,565,SITE5,2014,8,Heatwave
BL2232,650,SITE14,2016,7,Heatwave
BL2233,650,SITE14,2016,7,Heatwave
BL2234,650,SITE14,2016,7,Heatwave
BL2235,650,SITE14,2016,7,Heatwave
BL2236,650,SITE14,2016,7,Heatwave
BL2237,650,SITE14,2016,7,Heatwave
BL2238,650,SITE14,2016,7,Heatwave
BL2239,650,SITE14,2016,7,Heatwave
BL2240,650,SITE14,2016,7,Heatwave
BL2241,650,SITE14,2016,7,Heatwave
BL2242,650,SITE14,2016,7,Heatwave
BL2243,650,SITE14,2016,7,Heatwave
BL2244,650,SITE14,2016,7,Heatwave
BL2245,650,SITE14,2016,7,Heatwave
BL2246,650,SITE14,2016,7,Heatwave
BL2247,650,SITE14,2016,7,Heatwave
BL2248,650,SITE14,2016,7,Heatwave
BL2249,650,SITE14,2016,7,Heatwave
BL2250,650,SITE14,2016,7,Heatwave
BL2251,650,SITE14,2016,7,Heatwave
BL2252,653,SITE13,2016,7,Heatwave
BL2253,653,SITE13,2016,7,Heatwave
BL2254,653,SITE13,2016,7,Heatwave
BL2255,653,SITE13,2016,7,Heatwave
BL2256,714,SITE5,2017,8,Between
BL2257,710,SITE6,2017,8,Between
BL2258,710,SITE6,2017,8,Between
BL2259,710,SITE6,2017,8,Between
BL2260,710,SITE6,2017,8,Between
BL2261,719,SITE2,2017,8,Between
BL2262,719,SITE2,2017,8,Between
BL2263,719,SITE2,2017,8,Between
BL2264,719,SITE2,2017,8,Between
BL2265,719,SITE2,2017,8,Between
BL2266,730,SITE14,2017,8,Between
BL2267,730,SITE14,2017,8,Between
BL2268,730,SITE14,2017,8,Between
BL2269,730,SITE14,2017,8,Between
BL2270,730,SITE14,2017,8,Between
BL2271,730,SITE14,2017,8,Between
BL2272,724,SITE8,2017,8,Between
BL2273,724,SITE8,2017,8,Between
BL2274,724,SITE8,2017,8,Between
BL2275,724,SITE8,2017,8,Between
BL2276,730,SITE14,2017,8,Between
BL2277,730,SITE14,2017,8,Between
BL2278,730,SITE14,2017,8,Between
BL2279,730,SITE14,2017,8,Between
BL2280,730,SITE14,2017,8,Between
BL2281,730,SITE14,2017,8,Between
BL2282,735,SITE10,2017,8,Between
BL2283,735,SITE10,2017,8,Between
BL2284,735,SITE10,2017,8,Between
BL2285,735,SITE10,2017,8,Between
BL2286,698,SITE14,2017,7,Between
BL2287,698,SITE14,2017,7,Between
BL2288,698,SITE14,2017,7,Between
BL2289,698,SITE14,2017,7,Between
BL2290,698,SITE14,2017,7,Between
BL2291,698,SITE14,2017,7,Between
BL2292,698,SITE14,2017,7,Between
BL2293,698,SITE14,2017,7,Between
BL2294,698,SITE14,2017,7,Between
BL2295,698,SITE14,2017,7,Between
BL2296,698,SITE14,2017,7,Between
BL2297,656,SITE1,2016,7,Heatwave
BL2298,656,SITE1,2016,7,Heatwave
BL2299,656,SITE1,2016,7,Heatwave
BL2300,656,SITE1,2016,7,Heatwave
BL2301,656,SITE1,2016,7,Heatwave
BL2302,656,SITE1,2016,7,Heatwave
BL2303,656,SITE1,2016,7,Heatwave
BL2304,656,SITE1,2016,7,Heatwave
BL2305,656,SITE1,2016,7,Heatwave
BL2306,656,SITE1,2016,7,Heatwave
BL2307,3009,SITE17,2015,7,Heatwave
BL2308,3009,SITE17,2015,7,Heatwave
BL2309,3009,SITE17,2015,7,Heatwave
BL2310,613,SITE14,2015,7,Heatwave
BL2311,613,SITE14,2015,7,Heatwave
BL2312,698,SITE14,2017,7,Between
BL2313,698,SITE14,2017,7,Between
BL2314,698,SITE14,2017,7,Between
BL2315,698,SITE14,2017,7,Between
BL2316,698,SITE14,2017,7,Between
BL2317,698,SITE14,2017,7,Between
BL2318,698,SITE14,2017,7,Between
BL2319,698,SITE14,2017,7,Between
BL2320,698,SITE14,2017,7,Between
BL2321,698,SITE14,2017,7,Between
BL2322,698,SITE14,2017,7,Between
BL2323,698,SITE14,2017,7,Between
BL2324,696,SITE15,2017,7,Between
BL2325,696,SITE15,2017,7,Between
BL2326,696,SITE15,2017,7,Between
BL2327,696,SITE15,2017,7,Between
BL2328,696,SITE15,2017,7,Between
BL2329,696,SITE15,2017,7,Between
BL2330,696,SITE15,2017,7,Between
BL2331,696,SITE15,2017,7,Between
BL2332,696,SITE15,2017,7,Between
BL2333,664,SITE1,2016,7,Heatwave
BL2334,664,SITE1,2016,7,Heatwave
BL2335,664,SITE1,2016,7,Heatwave
BL2336,664,SITE1,2016,7,Heatwave
BL2337,664,SITE1,2016,7,Heatwave
BL2338,664,SITE1,2016,7,Heatwave
BL2339,664,SITE1,2016,7,Heatwave
BL2340,664,SITE1,2016,7,Heatwave
BL2341,664,SITE1,2016,7,Heatwave
BL2342,664,SITE1,2016,7,Heatwave
BL2343,664,SITE1,2016,7,Heatwave
BL2344,664,SITE1,2016,7,Heatwave
BL2345,648,SITE15,2016,7,Heatwave
BL2346,648,SITE15,2016,7,Heatwave
BL2347,648,SITE15,2016,7,Heatwave
BL2350,863,SITE2,2019,8,Heatwave
BL2351,863,SITE2,2019,8,Heatwave
BL2352,855,SITE2,2019,8,Heatwave
BL2353,855,SITE2,2019,8,Heatwave
BL2354,855,SITE2,2019,8,Heatwave
BL2355,855,SITE2,2019,8,Heatwave
BL2356,855,SITE2,2019,8,Heatwave
BL2357,855,SITE2,2019,8,Heatwave
BL2358,855,SITE2,2019,8,Heatwave
BL2359,855,SITE2,2019,8,Heatwave
BL2360,855,SITE2,2019,8,Heatwave
BL2361,855,SITE2,2019,8,Heatwave
BL2362,855,SITE2,2019,8,Heatwave
BL2363,855,SITE2,2019,8,Heatwave
BL2364,855,SITE2,2019,8,Heatwave
BL2365,855,SITE2,2019,8,Heatwave
BL2366,855,SITE2,2019,8,Heatwave
BL2367,863,SITE2,2019,8,Heatwave
BL2368,863,SITE2,2019,8,Heatwave
BL2369,863,SITE2,2019,8,Heatwave
BL2370,855,SITE2,2019,8,Heatwave
BL2371,855,SITE2,2019,8,Heatwave
BL2372,855,SITE2,2019,8,Heatwave
BL2373,855,SITE2,2019,8,Heatwave
BL2374,855,SITE2,2019,8,Heatwave
BL2375,855,SITE2,2019,8,Heatwave
BL2376,863,SITE2,2019,8,Heatwave
BL2377,863,SITE2,2019,8,Heatwave
BL2378,863,SITE2,2019,8,Heatwave
BL2379,815,SITE2,2019,7,Heatwave
BL2380,815,SITE2,2019,7,Heatwave
BL2381,815,SITE2,2019,7,Heatwave
BL2382,815,SITE2,2019,7,Heatwave
BL2383,815,SITE2,2019,7,Heatwave
BL2384,815,SITE2,2019,7,Heatwave
BL2385,815,SITE2,2019,7,Heatwave
BL2386,815,SITE2,2019,7,Heatwave
BL2387,815,SITE2,2019,7,Heatwave
BL2388,815,SITE2,2019,7,Heatwave
BL2389,815,SITE2,2019,7,Heatwave
BL2390,815,SITE2,2019,7,Heatwave
BL2391,815,SITE2,2019,7,Heatwave
BL2392,815,SITE2,2019,7,Heatwave
BL2393,815,SITE2,2019,7,Heatwave
BL2394,815,SITE2,2019,7,Heatwave
BL2395,815,SITE2,2019,7,Heatwave
BL2396,815,SITE2,2019,7,Heatwave
BL2397,815,SITE2,2019,7,Heatwave
BL2398,815,SITE2,2019,7,Heatwave
BL2399,815,SITE2,2019,7,Heatwave
BL2400,815,SITE2,2019,7,Heatwave
BL2401,815,SITE2,2019,7,Heatwave
BL2402,815,SITE2,2019,7,Heatwave
BL2403,815,SITE2,2019,7,Heatwave
BL2404,815,SITE2,2019,7,Heatwave
BL2405,815,SITE2,2019,7,Heatwave
BL2406,815,SITE2,2019,7,Heatwave
BL2407,815,SITE2,2019,7,Heatwave
BL2408,815,SITE2,2019,7,Heatwave
BL2409,815,SITE2,2019,7,Heatwave
BL2410,233,SITE11,2008,8,Before
BL2411,233,SITE11,2008,8,Before
BL2412,233,SITE11,2008,8,Before
BL2413,233,SITE11,2008,8,Before
BL2414,461,SITE9,2012,8,Before
BL2415,461,SITE9,2012,8,Before
BL2416,461,SITE9,2012,8,Before
BL2417,461,SITE9,2012,8,Before
BL2418,461,SITE9,2012,8,Before
BL2419,462,SITE14,2012,8,Before
BL2420,462,SITE14,2012,8,Before
BL2421,462,SITE14,2012,8,Before
BL2422,462,SITE14,2012,8,Before
BL2423,462,SITE14,2012,8,Before
BL2424,462,SITE14,2012,8,Before
BL2425,453,SITE3,2012,8,Before
BL2426,453,SITE3,2012,8,Before
BL2427,453,SITE3,2012,8,Before
BL2428,453,SITE3,2012,8,Before
BL2429,453,SITE3,2012,8,Before
BL2430,460,SITE15,2012,8,Before
BL2431,460,SITE15,2012,8,Before
BL2432,460,SITE15,2012,8,Before
BL2433,460,SITE15,2012,8,Before
BL2434,460,SITE15,2012,8,Before
BL2435,460,SITE15,2012,8,Before
BL2436,454,SITE5,2012,8,Before
BL2437,454,SITE5,2012,8,Before
BL2438,454,SITE5,2012,8,Before
BL2439,454,SITE5,2012,8,Before
BL2440,435,SITE10,2012,7,Before
BL2441,435,SITE10,2012,7,Before
BL2442,435,SITE10,2012,7,Before
BL2443,435,SITE10,2012,7,Before
BL2444,438,SITE14,2012,7,Before
BL2445,438,SITE14,2012,7,Before
BL2446,438,SITE14,2012,7,Before
BL2447,438,SITE14,2012,7,Before
BL2448,437,SITE9,2012,7,Before
BL2449,437,SITE9,2012,7,Before
BL2450,437,SITE9,2012,7,Before
BL2451,437,SITE9,2012,7,Before
BL2452,436,SITE15,2012,7,Before
BL2453,436,SITE15,2012,7,Before
BL2454,436,SITE15,2012,7,Before
BL2455,434,SITE12,2012,7,Before
BL2456,434,SITE12,2012,7,Before
BL2457,434,SITE12,2012,7,Before
BL2458,434,SITE12,2012,7,Before
BL2459,434,SITE12,2012,7,Before
BL2460,436,SITE15,2012,7,Before
BL2461,436,SITE15,2012,7,Before
BL2462,436,SITE15,2012,7,Before
BL2463,436,SITE15,2012,7,Before
BL2464,436,SITE15,2012,7,Before